"country_code","name","agreements_w_usa","pct_agreement_w_usa","agreements_w_china","pct_agreement_w_china","agreements_w_russia","pct_agreement_w_russia"
"AFG","AFGHANISTAN","341","37.35","1729","70.28","1338","59.18"
"AGO","ANGOLA","347","36.76","1832","74.53","1464","64.21"
"ALB","ALBANIA","622","65.27","1158","55.54","1264","63.23"
"AND","ANDORRA","638","69.27","1290","62.17","1382","71.16"
"ARE","UNITED ARAB EMIRATES","417","44.55","2156","87.82","1643","72.22"
"ARG","ARGENTINA","617","64.95","1835","76.36","1784","79.43"
"ARM","ARMENIA","490","54.63","1727","71.42","1740","76.86"
"ATG","ANTIGUA AND BARBUDA","432","45.43","1881","76.40","1536","67.34"
"AUS","AUSTRALIA","648","68.14","1163","60.86","1184","65.31"
"AUT","AUSTRIA","669","70.20","1371","64.13","1473","73.91"
"AZE","AZERBAIJAN","406","43.89","1898","77.25","1669","73.30"
"BDI","BURUNDI","287","31.96","1603","65.48","1292","56.54"
"BEL","BELGIUM","665","69.85","1294","63.34","1436","72.75"
"BEN","BENIN","377","39.98","1780","72.36","1424","62.43"
"BFA","BURKINA FASO","386","40.89","2017","82.03","1567","68.55"
"BGD","BANGLADESH","424","46.49","2146","87.24","1651","72.86"
"BGR","BULGARIA","652","68.49","1293","62.86","1428","72.12"
"BHR","BAHRAIN","427","45.96","2161","87.95","1647","72.62"
"BHS","BAHAMAS","515","54.10","1920","77.99","1610","70.68"
"BIH","BOSNIA AND HERZEGOVINA","530","55.61","1223","55.79","1189","58.03"
"BLR","BELARUS","358","44.25","1907","79.36","1845","81.31"
"BLZ","BELIZE","466","48.95","1932","78.57","1565","68.73"
"BOL","BOLIVIA (PLURINATIONAL STATE OF)","419","46.56","1991","81.23","1635","71.68"
"BOL","BOLIVIA","419","46.56","1991","81.23","1635","71.68"
"BRA","BRAZIL","497","52.15","2027","82.94","1629","71.79"
"BRB","BARBADOS","493","51.73","1974","80.18","1614","70.85"
"BRN","BRUNEI DARUSSALAM","408","44.98","2180","88.80","1658","73.33"
"BTN","BHUTAN","374","39.70","1889","77.04","1509","66.27"
"BWA","BOTSWANA","461","48.53","1939","78.79","1556","68.34"
"CAF","CENTRAL AFRICAN REPUBLIC","243","25.61","1154","46.93","942","41.19"
"CAN","CANADA","686","72.13","1076","60.38","1148","68.50"
"CHE","SWITZERLAND","434","67.18","1026","66.02","1014","71.56"
"CHL","CHILE","566","59.33","2032","83.18","1632","71.89"
"CHN","CHINA","304","38.05","2463","100.00","1705","76.01"
"CIV","CÔTE D'IVOIRE","451","47.47","1820","74.07","1460","63.95"
"CIV","COTE D'IVOIRE","451","47.47","1820","74.07","1460","63.95"
"CMR","CAMEROON","410","43.07","1608","65.31","1300","56.82"
"COD","DEMOCRATIC REPUBLIC OF THE CONGO","231","24.71","956","38.88","760","33.39"
"COD","ZAIRE","231","24.71","956","38.88","760","33.39"
"COG","CONGO","322","34.04","1685","68.47","1334","58.33"
"COL","COLOMBIA","466","48.95","2000","81.53","1639","71.95"
"COM","COMOROS","266","28.88","1485","60.49","1155","50.72"
"CPV","CABO VERDE","415","43.50","1888","76.72","1501","65.63"
"CPV","CAPE VERDE","415","43.50","1888","76.72","1501","65.63"
"CRI","COSTA RICA","573","60.13","1898","77.31","1596","69.97"
"CSK","CZECHOSLOVAKIA","19","61.29","33","50.77","49","72.06"
"CUB","CUBA","263","32.75","2122","87.25","1623","72.20"
"CYP","CYPRUS","634","66.60","1556","71.08","1416","69.62"
"CZE","CZECH REPUBLIC","651","70.76","1239","64.13","1374","73.48"
"CZE","CZECHIA","651","70.76","1239","64.13","1374","73.48"
"DEU","GERMANY","672","70.59","1288","63.86","1435","73.70"
"DJI","DJIBOUTI","407","43.67","2078","84.68","1608","70.68"
"DMA","DOMINICA","267","28.05","1107","44.95","955","41.85"
"DNK","DENMARK","674","70.80","1318","64.83","1464","74.66"
"DOM","DOMINICAN REPUBLIC","461","48.32","1749","71.24","1465","64.23"
"DZA","ALGERIA","349","38.86","2181","88.88","1663","73.03"
"ECU","ECUADOR","470","50.38","2055","83.60","1682","73.61"
"EGY","EGYPT","388","43.16","2151","87.69","1685","74.52"
"ERI","ERITREA","349","39.66","1852","77.75","1523","68.70"
"ESP","SPAIN","669","70.35","1365","65.85","1498","74.94"
"EST","ESTONIA","663","69.72","1266","61.58","1436","72.38"
"ETH","ETHIOPIA","365","38.79","1990","80.89","1615","70.90"
"FIN","FINLAND","676","71.01","1336","64.02","1472","74.49"
"FJI","FIJI","432","45.33","1659","67.69","1427","62.67"
"FRA","FRANCE","705","74.76","1137","59.28","1296","68.64"
"FSM","MICRONESIA (FEDERATED STATES OF)","691","72.51","639","36.25","754","46.37"
"GAB","GABON","333","35.13","1694","68.92","1357","59.44"
"GBR","UNITED KINGDOM","721","76.38","1090","61.62","1258","72.30"
"GEO","GEORGIA","599","62.85","1217","55.39","1373","66.94"
"GHA","GHANA","415","44.20","1952","79.25","1538","67.57"
"GIN","GUINEA","378","40.30","1924","78.18","1502","65.65"
"GMB","GAMBIA","305","32.69","1437","58.37","1149","50.44"
"GNB","GUINEA-BISSAU","319","33.47","1557","63.22","1210","52.88"
"GNQ","EQUATORIAL GUINEA","236","24.97","952","38.70","789","34.54"
"GRC","GREECE","646","67.79","1343","63.92","1455","72.17"
"GRD","GRENADA","403","42.33","1729","70.72","1411","62.38"
"GTM","GUATEMALA","553","58.03","1825","75.13","1541","68.31"
"GUY","GUYANA","483","50.79","2085","84.69","1680","73.62"
"HND","HONDURAS","556","58.34","1779","72.85","1477","65.12"
"HRV","CROATIA","643","67.47","1264","60.05","1414","70.56"
"HTI","HAITI","473","49.63","1694","68.86","1398","61.13"
"HUN","HUNGARY","665","69.93","1245","62.63","1411","73.00"
"IDN","INDONESIA","382","42.97","2155","87.78","1659","73.60"
"IND","INDIA","341","40.55","1997","83.84","1614","73.56"
"IRL","IRELAND","664","69.60","1399","64.59","1503","74.22"
"IRN","IRAN (ISLAMIC REPUBLIC OF)","288","36.69","2029","83.57","1571","70.73"
"IRQ","IRAQ","268","29.10","1552","63.30","1180","52.19"
"ISL","ICELAND","669","70.27","1345","64.42","1467","73.61"
"ISR","ISRAEL","699","81.18","428","42.59","530","55.50"
"ITA","ITALY","667","70.14","1313","64.05","1447","73.08"
"JAM","JAMAICA","488","51.26","2060","83.67","1691","74.30"
"JOR","JORDAN","410","43.94","2114","86.15","1613","71.03"
"JPN","JAPAN","640","67.23","1441","65.26","1533","75.15"
"KAZ","KAZAKHSTAN","496","54.03","1910","77.86","1771","77.51"
"KEN","KENYA","383","40.23","1984","80.75","1573","68.87"
"KGZ","KYRGYZSTAN","355","38.59","1681","68.28","1487","65.02"
"KHM","CAMBODIA","366","39.87","1880","76.42","1527","66.77"
"KIR","KIRIBATI","236","32.33","569","28.91","452","25.00"
"KNA","SAINT KITTS AND NEVIS","330","34.66","1195","48.54","956","41.97"
"KOR","REPUBLIC OF KOREA","635","66.63","1413","64.37","1531","73.39"
"KWT","KUWAIT","442","47.94","2133","86.88","1666","73.65"
"LAO","LAO PEOPLE'S DEMOCRATIC REPUBLIC","290","31.97","2094","85.50","1601","70.25"
"LBN","LEBANON","355","39.10","2067","84.37","1572","69.28"
"LBR","LIBERIA","351","36.95","1101","45.33","870","38.53"
"LBY","LIBYA","361","41.02","2109","86.33","1607","72.03"
"LBY","LIBYAN ARAB JAMAHIRIYA","361","41.02","2109","86.33","1607","72.03"
"LCA","SAINT LUCIA","434","45.68","1962","79.72","1571","69.02"
"LIE","LIECHTENSTEIN","658","68.97","1375","63.75","1483","73.60"
"LKA","SRI LANKA","406","44.62","2162","88.10","1684","73.92"
"LSO","LESOTHO","348","36.71","1757","71.42","1419","62.18"
"LTU","LITHUANIA","664","69.97","1254","61.41","1431","72.42"
"LUX","LUXEMBOURG","670","70.38","1315","64.12","1463","73.85"
"LVA","LATVIA","670","70.45","1240","60.40","1428","71.87"
"MAR","MOROCCO","452","48.76","2116","86.33","1622","71.49"
"MCO","MONACO","646","70.45","1184","59.26","1323","68.98"
"MDA","REPUBLIC OF MOLDOVA","639","67.12","1291","59.52","1420","70.05"
"MDG","MADAGASCAR","390","40.92","1675","68.01","1336","58.39"
"MDV","MALDIVES","501","53.87","2086","85.04","1643","72.54"
"MEX","MEXICO","518","54.30","2013","81.86","1636","71.60"
"MHL","MARSHALL ISLANDS","657","69.30","851","46.84","878","52.83"
"MKD","THE FORMER YUGOSLAV REPUBLIC OF MACEDONIA","590","64.06","1248","60.35","1350","69.16"
"MKD","NORTH MACEDONIA","590","64.06","1248","60.35","1350","69.16"
"MLI","MALI","360","39.09","2074","84.83","1634","71.45"
"MLT","MALTA","663","69.57","1495","68.64","1433","70.42"
"MMR","MYANMAR","393","45.49","2021","82.62","1556","69.16"
"MNE","MONTENEGRO","401","71.10","806","65.00","817","71.35"
"MNG","MONGOLIA","457","47.90","2006","81.45","1671","73.07"
"MOZ","MOZAMBIQUE","384","40.29","2005","81.40","1578","68.94"
"MRT","MAURITANIA","337","36.08","1940","78.99","1485","65.25"
"MUS","MAURITIUS","457","48.26","2017","82.16","1640","71.90"
"MWI","MALAWI","434","45.64","1574","64.01","1288","56.37"
"MYS","MALAYSIA","425","46.81","2157","87.86","1665","73.61"
"NAM","NAMIBIA","367","38.92","2034","82.72","1575","69.11"
"NER","NIGER","326","35.09","1664","67.72","1284","56.37"
"NGA","NIGERIA","405","43.55","2037","83.01","1591","70.21"
"NIC","NICARAGUA","369","44.67","1908","78.94","1622","71.17"
"NLD","NETHERLANDS (KINGDOM OF THE)","667","70.14","1296","64.03","1438","73.78"
"NLD","NETHERLANDS","667","70.14","1296","64.03","1438","73.78"
"NOR","NORWAY","666","69.96","1343","64.20","1471","73.70"
"NPL","NEPAL","454","47.74","2087","84.77","1679","73.41"
"NRU","NAURU","236","33.01","559","32.81","464","29.90"
"NZL","NEW ZEALAND","634","66.60","1468","67.93","1485","73.66"
"OMN","OMAN","394","44.12","2133","86.88","1651","73.05"
"PAK","PAKISTAN","377","42.74","2191","89.80","1686","75.34"
"PAN","PANAMA","563","59.01","1885","77.54","1590","70.26"
"PER","PERU","538","56.39","1993","80.98","1705","74.55"
"PHL","PHILIPPINES","450","48.44","2106","85.71","1683","73.69"
"PLW","PALAU","456","51.94","530","30.06","496","30.83"
"PNG","PAPUA NEW GUINEA","490","51.80","1559","64.42","1304","58.27"
"POL","POLAND","673","70.84","1284","63.31","1457","73.88"
"PRK","DEMOCRATIC PEOPLE'S REPUBLIC OF KOREA","127","17.16","1884","79.97","1470","67.09"
"PRT","PORTUGAL","667","69.99","1354","65.06","1488","74.40"
"PRY","PARAGUAY","537","56.35","1858","75.87","1562","68.66"
"QAT","QATAR","421","46.16","2144","87.33","1653","73.30"
"ROU","ROMANIA","667","70.06","1282","62.29","1448","72.87"
"RUS","RUSSIAN FEDERATION","417","54.58","1705","76.01","2289","100.00"
"RWA","RWANDA","279","29.49","1109","45.15","926","40.58"
"SAU","SAUDI ARABIA","423","45.93","2092","85.25","1650","73.11"
"SCG","SERBIA AND MONTENEGRO","43","71.67","124","66.31","147","78.61"
"SDN","SUDAN","333","39.98","2073","85.63","1607","72.06"
"SEN","SENEGAL","441","46.82","2096","85.17","1633","71.47"
"SGP","SINGAPORE","466","48.95","2096","85.10","1662","72.99"
"SLB","SOLOMON ISLANDS","478","50.21","1603","65.56","1409","61.99"
"SLE","SIERRA LEONE","395","41.80","1725","70.09","1377","60.37"
"SLV","EL SALVADOR","498","52.20","1909","77.54","1565","68.40"
"SMR","SAN MARINO","618","64.78","1294","59.36","1354","66.80"
"SOM","SOMALIA","152","16.26","972","39.51","793","34.72"
"SRB","SERBIA","318","58.35","932","68.23","949","77.15"
"SSD","SOUTH SUDAN","114","26.15","316","28.62","287","29.65"
"STP","SAO TOME AND PRINCIPE","158","16.58","788","31.99","622","27.17"
"SUR","SURINAME","424","44.54","1902","77.25","1519","66.45"
"SVK","SLOVAKIA","646","70.14","1273","64.20","1405","73.44"
"SVN","SLOVENIA","664","69.75","1311","63.06","1454","72.55"
"SWE","SWEDEN","672","70.51","1383","65.24","1488","74.62"
"SWZ","SWAZILAND","338","35.62","1489","60.55","1192","52.26"
"SWZ","ESWATINI","338","35.62","1489","60.55","1192","52.26"
"SYC","SEYCHELLES","265","27.78","965","39.20","785","34.31"
"SYR","SYRIAN ARAB REPUBLIC","214","28.50","1997","83.24","1553","69.86"
"TCD","CHAD","290","30.95","1320","53.70","1039","45.71"
"TGO","TOGO","438","46.65","1964","79.90","1563","68.58"
"THA","THAILAND","458","48.06","2106","85.54","1718","75.19"
"TJK","TAJIKISTAN","353","38.33","1619","65.84","1481","64.90"
"TKM","TURKMENISTAN","227","24.73","1337","54.31","1131","49.63"
"TLS","TIMOR-LESTE","307","47.52","1290","72.43","1111","68.29"
"TON","TONGA","270","37.09","907","46.13","777","43.21"
"TTO","TRINIDAD AND TOBAGO","459","48.16","1990","80.80","1588","69.68"
"TUN","TUNISIA","409","43.98","2136","86.97","1631","71.66"
"TUR","TURKEY","569","62.25","1568","74.56","1452","71.74"
"TUR","TÜRKİYE","569","62.25","1568","74.56","1452","71.74"
"TUR","TÜRKÝYE","569","62.25","1568","74.56","1452","71.74"
"TUR","TÜRKIYE","569","62.25","1568","74.56","1452","71.74"
"TUV","TUVALU","296","42.41","877","46.16","746","42.78"
"TZA","UNITED REPUBLIC OF TANZANIA","376","39.96","2005","81.47","1540","67.60"
"UGA","UGANDA","341","36.43","1788","72.89","1410","62.17"
"UKR","UKRAINE","619","65.50","1422","65.99","1472","72.69"
"URY","URUGUAY","541","56.71","1941","79.00","1668","73.03"
"USA","UNITED STATES","954","100.00","304","38.05","417","54.58"
"UZB","UZBEKISTAN","348","38.75","1417","57.77","1326","58.16"
"VCT","SAINT VINCENT AND THE GRENADINES","384","40.29","1686","68.48","1391","61.09"
"VEN","VENEZUELA","294","34.47","1850","75.98","1501","66.04"
"VEN","VENEZUELA (BOLIVARIAN REPUBLIC OF)","294","34.47","1850","75.98","1501","66.04"
"VNM","VIET NAM","335","38.64","2108","86.04","1624","71.73"
"VUT","VANUATU","437","45.81","1257","51.16","1059","46.35"
"WSM","SAMOA","530","55.56","1516","62.28","1404","61.99"
"YEM","YEMEN","384","41.07","2089","85.13","1606","70.81"
"YUG","YUGOSLAVIA","39","11.89","114","15.62","125","17.61"
"ZAF","SOUTH AFRICA","418","44.99","1957","79.68","1664","73.01"
"ZMB","ZAMBIA","414","43.81","1973","80.30","1561","68.56"
"ZWE","ZIMBABWE","317","38.56","2033","83.46","1616","71.35"
